id;forgot_pin;is_active;login_date;login_log_id;login_type;log_out_date;user_id
1;5552;true;2024-10-04;26518;once floss bah;2024-10-04;2230
2;12741;true;2024-10-04;20635;worthy license instructive;2024-10-03;11020
3;21789;false;2024-10-04;30958;supposing beneath among;2024-10-04;11140
4;27450;false;2024-10-03;14810;woot quietly pace;2024-10-04;109
5;8406;true;2024-10-04;29524;whoa fooey portly;2024-10-04;27383
6;110;false;2024-10-04;5660;fervently;2024-10-04;24051
7;16325;false;2024-10-04;17769;aw;2024-10-04;11282
8;5693;true;2024-10-03;4479;though;2024-10-03;19839
9;31453;true;2024-10-04;18163;slink indeed jam-packed;2024-10-04;13923
10;5649;true;2024-10-04;24032;ride surprisingly;2024-10-04;3351
