id;added_sugars;added_sugar_uom;allergen_keyword;allergens;brand_name;calories;calories_uom;carbohydrates;carbohydrates_uom;category_name;cholesterol;cholesterol_uom;created_on;data_form;dietary_fiber;dietary_fiber_uom;distributor;do_not_consider_product;extended_model;g_ln_number;g_tin;h_7;image;ingredients;is_active;is_approve;is_merge;is_product_sync;manufacturer;manufacturer_id;manufacturer_text_1_ws;modified_on;product_description;product_id;product_name;protein;protein_uom;saturated_fat;serving;serving_uom;sodium;sodium_uom;storage_type_id;storage_type_name;sub_category_1_name;sub_category_2_name;sugar;sugar_uom;sync_effective;sync_header_last_change;sync_item_reference_id;sync_last_change;sync_publication;total_fat;trans_fat;u_pc;vendor
1;inject sorrowful;in than;../fake-data/blob/hipster.txt;11858;instead;sting;phew kiddingly;athwart versus;usefully;hence measly;awkwardly before blend;attest er;2024-10-03;furthermore;unless yuck;agreeable crowded dearest;fooey instead overload;true;../fake-data/blob/hipster.txt;beside scotch;epic provided made-up;15292;../fake-data/blob/hipster.txt;../fake-data/blob/hipster.txt;false;false;false;false;../fake-data/blob/hipster.txt;9633;fondly;2024-10-04;../fake-data/blob/hipster.txt;26542;../fake-data/blob/hipster.txt;mainstream whenever;surge;farmer;angelic blowgun until;admired psst;than pfft divine;but ugh waltz;28943;../fake-data/blob/hipster.txt;supposing e-mail;symbolise;an;unusual once serene;2024-10-04;2024-10-03;disclosure coarse before;2024-10-04;2024-10-04;sin throughout;baggy notwithstanding ouch;round;instead these
2;mundane whoever;bandwidth hotfoot now;../fake-data/blob/hipster.txt;20481;successfully boohoo wobbly;fairly mozzarella whoever;incidentally;noisily;phooey when huzzah;even deploy;acidly;smoothly reproachfully;2024-10-04;frenetically official;animated cool cross-contamination;moist;entwine congregate;true;../fake-data/blob/hipster.txt;urgently relaunch aside;familiarize;7804;../fake-data/blob/hipster.txt;../fake-data/blob/hipster.txt;false;false;false;true;../fake-data/blob/hipster.txt;25116;aboard finally heroine;2024-10-03;../fake-data/blob/hipster.txt;30160;../fake-data/blob/hipster.txt;vary;holster amongst;snoop since whose;amongst drat compassionate;factorise;save past dereference;about;18950;../fake-data/blob/hipster.txt;whenever amongst;hoot;oh phooey humiliating;gah;2024-10-04;2024-10-04;loudly the;2024-10-04;2024-10-04;eek;faint;gah next;sympathetically provided but
3;speedily although unimpressively;pip or;../fake-data/blob/hipster.txt;1518;truthfully;awkwardly phew bolster;than distinction innocent;following;sunny when bah;of parallel healthily;pleased affiliate;despite alliance yowza;2024-10-04;meh wherever;heavy;mid;micromanage obesity excluding;true;../fake-data/blob/hipster.txt;hmph blah nervously;furthermore;23114;../fake-data/blob/hipster.txt;../fake-data/blob/hipster.txt;false;false;true;true;../fake-data/blob/hipster.txt;32723;terrorise creaking aha;2024-10-03;../fake-data/blob/hipster.txt;14084;../fake-data/blob/hipster.txt;any;aw;emerge even;stack;meanwhile abnormally red;roughly unlearn;onto;28420;../fake-data/blob/hipster.txt;step-mother confide;dental ravage;yahoo brand potentially;unfortunately;2024-10-04;2024-10-04;never meanwhile cruelty;2024-10-04;2024-10-04;recklessly till;cumbersome caring;vivaciously eyeglasses;westernize intelligent spirit
4;since geez bran;whoever;../fake-data/blob/hipster.txt;14969;consequently soliloquy;yum failing bran;great;whether;next destock;micromanage compromise;tuba drat ocelot;down tousle;2024-10-03;apud impeccable scented;lend charming;sympathetically;scamper yum;true;../fake-data/blob/hipster.txt;pixellate;blah woot following;9709;../fake-data/blob/hipster.txt;../fake-data/blob/hipster.txt;true;false;true;true;../fake-data/blob/hipster.txt;14717;like drat;2024-10-03;../fake-data/blob/hipster.txt;32397;../fake-data/blob/hipster.txt;gosh;gripping markup accentuate;swanling now;halt psst sheepishly;bossy;ack at;necessary;30591;../fake-data/blob/hipster.txt;dutiful extremely;toward bend before;super;quicker;2024-10-03;2024-10-04;acceptable;2024-10-04;2024-10-04;amongst afore;once till;past intently enrage;brace
5;unhealthy quit;handsome once meh;../fake-data/blob/hipster.txt;14679;kookily;before fiercely cardboard;perp aha around;curly;capitalize sign;gladly;excluding mysteriously;after;2024-10-04;grandpa talkative failing;godparent knowingly;who even;until;true;../fake-data/blob/hipster.txt;vice;harp yawningly cuddly;7780;../fake-data/blob/hipster.txt;../fake-data/blob/hipster.txt;true;true;false;true;../fake-data/blob/hipster.txt;24912;pish;2024-10-03;../fake-data/blob/hipster.txt;6261;../fake-data/blob/hipster.txt;alliance meanwhile;regal;suitcase;overburden which until;ouch closely;after;yet ugh;6692;../fake-data/blob/hipster.txt;how gnash;windy;against;gulp destock grumpy;2024-10-04;2024-10-04;charming zowie;2024-10-04;2024-10-04;irritably;though;apud midst furthermore;factorize
6;till watery;energetically inasmuch during;../fake-data/blob/hipster.txt;14254;jet considering clear-cut;etch save;brook regularly exactly;nectarine;heartache settle till;shakily perfectly wholly;drat boohoo;mummify if;2024-10-04;reassemble;yum dwell lazily;tuxedo;after when;false;../fake-data/blob/hipster.txt;doubtfully ha lumbering;sweetly hierarchy;1441;../fake-data/blob/hipster.txt;../fake-data/blob/hipster.txt;true;true;false;true;../fake-data/blob/hipster.txt;27906;boastfully enormously for;2024-10-04;../fake-data/blob/hipster.txt;28946;../fake-data/blob/hipster.txt;over present provided;accurate;slushy;though fumigate;likely pish known;with;charming;18096;../fake-data/blob/hipster.txt;unto naturally;breastplate;upright oh;shakily tense bah;2024-10-04;2024-10-04;brief gadzooks bank;2024-10-04;2024-10-04;zowie;supposing till;friendly unfurl;uh-huh ah mid
7;versus;camouflage fax;../fake-data/blob/hipster.txt;1185;putrid tenderly;pish sharply;joyfully cork provision;aw;whose blah instead;gah where mortally;synergy provided;scorn hotfoot;2024-10-04;a yuck;elegantly;cram appropriate;fiddle sell alongside;false;../fake-data/blob/hipster.txt;fork;round importance;25268;../fake-data/blob/hipster.txt;../fake-data/blob/hipster.txt;false;true;true;false;../fake-data/blob/hipster.txt;12531;so;2024-10-04;../fake-data/blob/hipster.txt;25479;../fake-data/blob/hipster.txt;creature;atop scorpion transparency;vengeful quicker armoire;quadruple whoa considering;sniff because;unconscious cassava ample;youthfully justly spirit;24476;../fake-data/blob/hipster.txt;crushing bathhouse inferior;along unbearably;than inure;for;2024-10-04;2024-10-04;agitated peaceful;2024-10-04;2024-10-04;seldom;though;aw;sans blah revere
8;cloudy flame brr;um humidity yowza;../fake-data/blob/hipster.txt;2912;apropos ah;squirm;the rudely when;after;or joshingly;likewise;hm gadzooks;phooey yowza obvious;2024-10-04;lift nor;unkempt;however;mob allocation;false;../fake-data/blob/hipster.txt;solicit aggravating apropos;whoa huzzah uh-huh;1802;../fake-data/blob/hipster.txt;../fake-data/blob/hipster.txt;false;false;true;false;../fake-data/blob/hipster.txt;27419;reassuringly;2024-10-04;../fake-data/blob/hipster.txt;1134;../fake-data/blob/hipster.txt;syringe cleaner;butter;ill strict forenenst;clear teammate;yum enormously why;expostulate phooey repentant;delete;19314;../fake-data/blob/hipster.txt;tarry cross-contamination;oof defiantly behind;how;pendant;2024-10-04;2024-10-04;monthly huzzah whoever;2024-10-04;2024-10-04;extra-large restfully athwart;unless boo;barring wisecrack;beneath lace although
9;circa;adumbrate outfit obstruct;../fake-data/blob/hipster.txt;21444;suspiciously;anti to excluding;arrogantly up;for austere;whereas;who inferior;kookily persecute gosh;dreamily prime;2024-10-03;boyfriend customise innocently;meanwhile black gah;on negative major;internal;true;../fake-data/blob/hipster.txt;too irresponsible mmm;afore;1368;../fake-data/blob/hipster.txt;../fake-data/blob/hipster.txt;false;false;false;true;../fake-data/blob/hipster.txt;16819;although chow once;2024-10-04;../fake-data/blob/hipster.txt;16125;../fake-data/blob/hipster.txt;busy evince;yowza peninsula;gah defiantly;whine embossing;nor aha platter;given of if;pepper;21981;../fake-data/blob/hipster.txt;dimly;until dispose;brr shrilly yippee;redesign;2024-10-03;2024-10-03;grok or until;2024-10-04;2024-10-04;joyous deck bitterly;actually;drug hunt;ick evil though
10;next lava;although shrilly beneath;../fake-data/blob/hipster.txt;18640;likely;season pity however;sign deceivingly indeed;outrank;thoroughly aside;emphasise cumbersome forceful;carouse;searchingly bah;2024-10-04;electronics unnaturally;hence understanding;through;an;false;../fake-data/blob/hipster.txt;as;marathon powerfully;9974;../fake-data/blob/hipster.txt;../fake-data/blob/hipster.txt;false;true;false;true;../fake-data/blob/hipster.txt;6665;mouser;2024-10-04;../fake-data/blob/hipster.txt;2927;../fake-data/blob/hipster.txt;tensely cleaner;worth;ick that unless;yawn;management step yet;unnecessarily delirious liberalize;inasmuch per atop;29775;../fake-data/blob/hipster.txt;whenever always minor;archive insignificant;polarisation peppery along;which huzzah unscramble;2024-10-04;2024-10-04;phooey statue deplore;2024-10-04;2024-10-04;both lest membership;to unlined ruddy;decode;geez status afore
