id;address_line_1;address_line_2;city;country;cover_image;create_by;created_on;email;first_name;is_active;last_name;manufacturer_id;mobile;object_id;password;profile_image;role_id;school_district_id;state;updated_by;updated_on;user_id;zip_code
1;whether blah faithfully;haul;South Pearlcester;French Polynesia;../fake-data/blob/hipster.txt;2687;2024-10-04;Itzel_Hand@hotmail.com;Zelma;false;Wolff;20372;disinherit;beyond woefully;memorable whether;../fake-data/blob/hipster.txt;18292;16032;31090;15688;2024-10-04;10203;50645
2;even scheme;every good-natured;Port Floyd;Antarctica;../fake-data/blob/hipster.txt;17891;2024-10-04;Gianni_Huels62@hotmail.com;Marquis;false;Rodriguez;9095;er;underneath why hopelessly;whoever wildly;../fake-data/blob/hipster.txt;20843;10173;26014;22244;2024-10-04;8501;76225-3502
3;yet;into ham;Port Janicecester;Czechia;../fake-data/blob/hipster.txt;25649;2024-10-03;Pearl.Miller@yahoo.com;Amber;true;Kautzer;14147;cease enchanting how;reassuringly briskly;brr indeed;../fake-data/blob/hipster.txt;19449;14859;31500;7403;2024-10-04;5616;00965
4;lest unknown prioritize;minty diagram overconfidently;Colorado Springs;Jersey;../fake-data/blob/hipster.txt;6913;2024-10-03;Herminia.Rath@gmail.com;Kathryne;false;Rodriguez;22735;meh;ordinary plugin afterwards;best because before;../fake-data/blob/hipster.txt;23979;21656;1129;23208;2024-10-04;28982;09772-9881
5;excepting tighten;huzzah past psst;Fadelview;Bermuda;../fake-data/blob/hipster.txt;719;2024-10-04;Amely57@gmail.com;Llewellyn;false;Windler-Strosin;28986;that hmph;or kindly;fiercely rally;../fake-data/blob/hipster.txt;10292;8626;25565;27241;2024-10-04;23164;47495-2589
6;signature aw;until past;Schimmeltown;Guyana;../fake-data/blob/hipster.txt;17132;2024-10-04;Eduardo_Ledner93@hotmail.com;Elliot;false;Bins;21168;lest;ah;only;../fake-data/blob/hipster.txt;635;29653;28421;2165;2024-10-04;21015;24327
7;aha;whoever sternly geez;Littelfield;Philippines;../fake-data/blob/hipster.txt;10636;2024-10-04;Joanne.Ziemann@gmail.com;Hanna;false;Walker;11654;twist before;fluffy pace;apropos since often;../fake-data/blob/hipster.txt;3602;7953;8435;17361;2024-10-04;23697;08084-1210
8;apprehensive;the ouch;Lake Dorothea;Georgia;../fake-data/blob/hipster.txt;12911;2024-10-04;Emery.Willms77@gmail.com;Josefa;false;Auer-Little;753;yippee shore yowza;yippee;supposing merrily unlined;../fake-data/blob/hipster.txt;4713;28080;32703;24485;2024-10-04;17182;64658-9362
9;mentor hence pro;convection once though;Walshport;Cook Islands;../fake-data/blob/hipster.txt;3259;2024-10-04;Dasia.Treutel@yahoo.com;Otha;true;Boyer;6864;distorted;sharply while;partially;../fake-data/blob/hipster.txt;12081;9855;29583;17850;2024-10-03;8445;85713-0305
10;lawmaker a;kookily mobilize anenst;Lake Valentin;Greece;../fake-data/blob/hipster.txt;11214;2024-10-04;Verner_Lind7@yahoo.com;Berta;false;Hoppe;8860;blight searchingly;woot definite;about;../fake-data/blob/hipster.txt;4104;1821;22034;12822;2024-10-04;13755;53809
